{"cameraMode":{"drawMode":0,"name":"Shaded","section":"Shading Mode"},"sceneLighting":true,"audioPlay":false,"sceneViewState":{"m_AlwaysRefresh":false,"showFog":true,"showSkybox":true,"showFlares":true,"showImageEffects":true,"showParticleSystems":true,"showVisualEffectGraphs":true,"m_FxEnabled":true},"in2DMode":false,"pivot":{"x":-0.3142191767692566,"y":4.556499481201172,"z":-0.31155869364738467},"rotation":{"x":0.4814136326313019,"y":0.3257346749305725,"z":-0.19873054325580598,"w":0.7890797853469849},"size":1.5698257684707642,"orthographic":false}